{
  "class_output_accuracy": [
    0.04511278122663498,
    0.09398496150970459,
    0.13533835113048553,
    0.18045112490653992,
    0.3345864713191986,
    0.3796992599964142,
    0.38721805810928345,
    0.46992480754852295,
    0.5338345766067505,
    0.5563910007476807,
    0.6015037298202515,
    0.6127819418907166,
    0.6616541147232056,
    0.6992481350898743,
    0.6766917109489441,
    0.7067669034004211,
    0.7481203079223633,
    0.7593985199928284,
    0.7556390762329102,
    0.7819548845291138,
    0.8270676732063293,
    0.8045112490653992,
    0.8157894611358643,
    0.7969924807548523,
    0.8233082890510559,
    0.8383458852767944,
    0.8684210777282715,
    0.8270676732063293,
    0.7744361162185669,
    0.8195488452911377,
    0.8082706928253174,
    0.8383458852767944,
    0.8233082890510559,
    0.8345864415168762,
    0.8345864415168762,
    0.8345864415168762,
    0.8684210777282715,
    0.8947368264198303
  ],
  "class_output_loss": [
    3.947019577026367,
    3.610097646713257,
    3.287252426147461,
    2.981354236602783,
    2.5415754318237305,
    2.445361375808716,
    2.201927900314331,
    1.9811828136444092,
    1.820693850517273,
    1.6950770616531372,
    1.5526268482208252,
    1.5175796747207642,
    1.3406157493591309,
    1.2557330131530762,
    1.2537819147109985,
    1.1921696662902832,
    0.9999806880950928,
    0.9478500485420227,
    0.9214761853218079,
    0.8487480282783508,
    0.7414965629577637,
    0.8334931135177612,
    0.7284881472587585,
    0.7006033062934875,
    0.7017061710357666,
    0.6572414636611938,
    0.5633259415626526,
    0.6457744836807251,
    0.75059974193573,
    0.6853054165840149,
    0.6569745540618896,
    0.7051742076873779,
    0.7301405072212219,
    0.6850942373275757,
    0.6473487019538879,
    0.6459929347038269,
    0.5876261591911316,
    0.5496350526809692
  ],
  "class_output_top3_accuracy": [
    0.08646616339683533,
    0.1917293220758438,
    0.22932331264019012,
    0.3947368562221527,
    0.5864661931991577,
    0.5827067494392395,
    0.6729323267936707,
    0.7180451154708862,
    0.7894737124443054,
    0.8195488452911377,
    0.8270676732063293,
    0.8345864415168762,
    0.88345867395401,
    0.8947368264198303,
    0.9060150384902954,
    0.8984962701797485,
    0.9548872113227844,
    0.9398496150970459,
    0.9548872113227844,
    0.9398496150970459,
    0.9586465954780579,
    0.9285714030265808,
    0.9624060392379761,
    0.969924807548523,
    0.951127827167511,
    0.9624060392379761,
    0.981203019618988,
    0.969924807548523,
    0.9661654233932495,
    0.9661654233932495,
    0.9586465954780579,
    0.969924807548523,
    0.9661654233932495,
    0.9548872113227844,
    0.9436089992523193,
    0.9736841917037964,
    0.969924807548523,
    0.9774436354637146
  ],
  "crop_output_accuracy": [
    0.1428571492433548,
    0.24812030792236328,
    0.31578946113586426,
    0.45864662528038025,
    0.49248120188713074,
    0.5563910007476807,
    0.5714285969734192,
    0.6390977501869202,
    0.6616541147232056,
    0.7180451154708862,
    0.7481203079223633,
    0.7255638837814331,
    0.8082706928253174,
    0.7969924807548523,
    0.7894737124443054,
    0.8120300769805908,
    0.8646616339683533,
    0.8233082890510559,
    0.8496240377426147,
    0.8759398460388184,
    0.88345867395401,
    0.8684210777282715,
    0.8759398460388184,
    0.8571428656578064,
    0.8721804618835449,
    0.9135338068008423,
    0.902255654335022,
    0.9135338068008423,
    0.8308270573616028,
    0.8984962701797485,
    0.8872180581092834,
    0.9097744226455688,
    0.853383481502533,
    0.9210526347160339,
    0.932330846786499,
    0.8984962701797485,
    0.9097744226455688,
    0.8984962701797485
  ],
  "crop_output_loss": [
    2.7335612773895264,
    2.3627688884735107,
    2.1372172832489014,
    1.8017383813858032,
    1.5891298055648804,
    1.458613634109497,
    1.372117042541504,
    1.2041035890579224,
    1.0833159685134888,
    0.9806258082389832,
    0.9316411018371582,
    0.9003462791442871,
    0.7118782997131348,
    0.757595419883728,
    0.7422611117362976,
    0.660865843296051,
    0.5452795028686523,
    0.6387427449226379,
    0.5615691542625427,
    0.5497027039527893,
    0.4228329062461853,
    0.43929821252822876,
    0.43112677335739136,
    0.4786188006401062,
    0.45593568682670593,
    0.38214030861854553,
    0.40176060795783997,
    0.3384511470794678,
    0.5649729371070862,
    0.40149828791618347,
    0.4072670042514801,
    0.37318211793899536,
    0.4681152105331421,
    0.36767762899398804,
    0.3425782322883606,
    0.386712908744812,
    0.41248369216918945,
    0.36916428804397583
  ],
  "crop_output_top2_accuracy": [
    0.22932331264019012,
    0.3834586441516876,
    0.4436090290546417,
    0.5338345766067505,
    0.646616518497467,
    0.7218044996261597,
    0.7255638837814331,
    0.8233082890510559,
    0.8120300769805908,
    0.8571428656578064,
    0.8609022498130798,
    0.8684210777282715,
    0.9210526347160339,
    0.8984962701797485,
    0.9097744226455688,
    0.951127827167511,
    0.951127827167511,
    0.9210526347160339,
    0.932330846786499,
    0.9473684430122375,
    0.9736841917037964,
    0.9548872113227844,
    0.9849624037742615,
    0.9398496150970459,
    0.9586465954780579,
    0.9736841917037964,
    0.9624060392379761,
    0.9774436354637146,
    0.9360902309417725,
    0.9661654233932495,
    0.9774436354637146,
    0.9586465954780579,
    0.9548872113227844,
    0.9661654233932495,
    0.9774436354637146,
    0.9661654233932495,
    0.9736841917037964,
    0.9548872113227844
  ],
  "loss": [
    5.214435577392578,
    4.7809247970581055,
    4.379330158233643,
    3.9814443588256836,
    3.4724884033203125,
    3.346749782562256,
    3.069124698638916,
    2.7915008068084717,
    2.5890564918518066,
    2.4288644790649414,
    2.275219202041626,
    2.232708215713501,
    2.000276565551758,
    1.9311950206756592,
    1.9165704250335693,
    1.8102381229400635,
    1.5909360647201538,
    1.5785821676254272,
    1.520026445388794,
    1.4397848844528198,
    1.3004361391067505,
    1.4010874032974243,
    1.2908564805984497,
    1.2687631845474243,
    1.2613526582717896,
    1.1950607299804688,
    1.1221907138824463,
    1.1870598793029785,
    1.36130952835083,
    1.2416576147079468,
    1.2128524780273438,
    1.254786729812622,
    1.2978872060775757,
    1.2320871353149414,
    1.1774524450302124,
    1.1963728666305542,
    1.1421715021133423,
    1.0951528549194336
  ],
  "val_class_output_accuracy": [
    0.035087719559669495,
    0.14035087823867798,
    0.21052631735801697,
    0.28070175647735596,
    0.3684210479259491,
    0.42105263471603394,
    0.5087719559669495,
    0.5614035129547119,
    0.5614035129547119,
    0.5438596606254578,
    0.5614035129547119,
    0.5964912176132202,
    0.6315789222717285,
    0.6315789222717285,
    0.6491228342056274,
    0.6491228342056274,
    0.6666666865348816,
    0.6491228342056274,
    0.6666666865348816,
    0.6491228342056274,
    0.7017543911933899,
    0.6842105388641357,
    0.719298243522644,
    0.719298243522644,
    0.6842105388641357,
    0.719298243522644,
    0.6842105388641357,
    0.6842105388641357,
    0.7017543911933899,
    0.7017543911933899,
    0.719298243522644,
    0.7017543911933899,
    0.6842105388641357,
    0.7017543911933899,
    0.719298243522644,
    0.7368420958518982,
    0.7368420958518982,
    0.7368420958518982
  ],