{
  "accuracy": 0.724561403508772,
  "precision_macro": 0.7625767900739385,
  "recall_macro": 0.7245614035087719,
  "f1_macro": 0.7143173841607321,
  "classification_report": {
    "Apple___Apple_scab": {
      "precision": 0.8333333333333334,
      "recall": 0.3333333333333333,
      "f1-score": 0.47619047619047616,
      "support": 15.0
    },
    "Apple___Black_rot": {
      "precision": 0.8333333333333334,
      "recall": 0.6666666666666666,
      "f1-score": 0.7407407407407407,
      "support": 15.0
    },
    "Apple___Cedar_apple_rust": {
      "precision": 1.0,
      "recall": 0.7333333333333333,
      "f1-score": 0.8461538461538461,
      "support": 15.0
    },
    "Apple___healthy": {
      "precision": 1.0,
      "recall": 0.5333333333333333,
      "f1-score": 0.6956521739130435,
      "support": 15.0
    },
    "Blueberry___healthy": {
      "precision": 0.8,
      "recall": 0.8,
      "f1-score": 0.8,
      "support": 15.0
    },
    "Cherry_(including_sour)___Powdery_mildew": {
      "precision": 1.0,
      "recall": 0.6666666666666666,
      "f1-score": 0.8,
      "support": 15.0
    },
    "Cherry_(including_sour)___healthy": {
      "precision": 0.5384615384615384,
      "recall": 0.9333333333333333,
      "f1-score": 0.6829268292682927,
      "support": 15.0
    },
    "Corn_(maize)___Cercospora_leaf_spot Gray_leaf_spot": {
      "precision": 0.6470588235294118,
      "recall": 0.7333333333333333,
      "f1-score": 0.6875,
      "support": 15.0
    },
    "Corn_(maize)___Common_rust_": {
      "precision": 1.0,
      "recall": 1.0,
      "f1-score": 1.0,
      "support": 15.0
    },
    "Corn_(maize)___Northern_Leaf_Blight": {
      "precision": 0.7142857142857143,
      "recall": 0.6666666666666666,
      "f1-score": 0.6896551724137931,
      "support": 15.0
    },
    "Corn_(maize)___healthy": {
      "precision": 1.0,
      "recall": 0.9333333333333333,
      "f1-score": 0.9655172413793104,
      "support": 15.0
    },
    "Grape___Black_rot": {
      "precision": 1.0,
      "recall": 0.6,
      "f1-score": 0.75,
      "support": 15.0
    },
    "Grape___Esca_(Black_Measles)": {
      "precision": 0.5357142857142857,
      "recall": 1.0,
      "f1-score": 0.6976744186046512,
      "support": 15.0
    },
    "Grape___Leaf_blight_(Isariopsis_Leaf_Spot)": {
      "precision": 1.0,
      "recall": 1.0,
      "f1-score": 1.0,
      "support": 15.0
    },
    "Grape___healthy": {
      "precision": 0.9285714285714286,
      "recall": 0.8666666666666667,
      "f1-score": 0.896551724137931,
      "support": 15.0
    },
    "Orange___Haunglongbing_(Citrus_greening)": {
      "precision": 0.8333333333333334,
      "recall": 1.0,
      "f1-score": 0.9090909090909091,
      "support": 15.0
    },
    "Peach___Bacterial_spot": {
      "precision": 0.9,
      "recall": 0.6,
      "f1-score": 0.72,
      "support": 15.0
    },
    "Peach___healthy": {
      "precision": 0.75,
      "recall": 1.0,
      "f1-score": 0.8571428571428571,
      "support": 15.0
    },
    "Pepper,_bell___Bacterial_spot": {
      "precision": 0.6,
      "recall": 0.8,
      "f1-score": 0.6857142857142857,
      "support": 15.0
    },
    "Pepper,_bell___healthy": {
      "precision": 1.0,
      "recall": 0.6666666666666666,
      "f1-score": 0.8,
      "support": 15.0
    },
    "Potato___Early_blight": {
      "precision": 0.9285714285714286,
      "recall": 0.8666666666666667,
      "f1-score": 0.896551724137931,
      "support": 15.0
    },
    "Potato___Late_blight": {
      "precision": 0.625,
      "recall": 0.6666666666666666,
      "f1-score": 0.6451612903225806,
      "support": 15.0
    },
    "Potato___healthy": {
      "precision": 0.4666666666666667,
      "recall": 0.9333333333333333,
      "f1-score": 0.6222222222222222,
      "support": 15.0
    },
    "Raspberry___healthy": {
      "precision": 0.5555555555555556,
      "recall": 1.0,
      "f1-score": 0.7142857142857143,
      "support": 15.0
    },
    "Soybean___healthy": {
      "precision": 0.9,
      "recall": 0.6,
      "f1-score": 0.72,
      "support": 15.0
    },
    "Squash___Powdery_mildew": {
      "precision": 1.0,
      "recall": 0.8666666666666667,
      "f1-score": 0.9285714285714286,
      "support": 15.0
    },
    "Strawberry___Leaf_scorch": {
      "precision": 0.8666666666666667,
      "recall": 0.8666666666666667,
      "f1-score": 0.8666666666666667,
      "support": 15.0
    },
    "Strawberry___healthy": {
      "precision": 0.7368421052631579,
      "recall": 0.9333333333333333,
      "f1-score": 0.8235294117647058,
      "support": 15.0
    },
    "Tomato___Bacterial_spot": {
      "precision": 0.0,
      "recall": 0.0,
      "f1-score": 0.0,
      "support": 15.0
    },
    "Tomato___Early_blight": {
      "precision": 0.75,
      "recall": 0.2,
      "f1-score": 0.3157894736842105,
      "support": 15.0
    },
    "Tomato___Late_blight": {
      "precision": 0.8571428571428571,
      "recall": 0.4,
      "f1-score": 0.5454545454545454,
      "support": 15.0
    },
    "Tomato___Leaf_Mold": {
      "precision": 0.8,
      "recall": 0.5333333333333333,
      "f1-score": 0.64,
      "support": 15.0
    },
    "Tomato___Septoria_leaf_spot": {
      "precision": 0.2916666666666667,
      "recall": 0.4666666666666667,
      "f1-score": 0.358974358974359,
      "support": 15.0
    },
    "Tomato___Spider_mites Two-spotted_spider_mite": {
      "precision": 0.5833333333333334,
      "recall": 0.4666666666666667,
      "f1-score": 0.5185185185185185,
      "support": 15.0
    },
    "Tomato___Target_Spot": {
      "precision": 0.6666666666666666,
      "recall": 0.6666666666666666,
      "f1-score": 0.6666666666666666,
      "support": 15.0
    },
    "Tomato___Tomato_Yellow_Leaf_Curl_Virus": {
      "precision": 1.0,
      "recall": 0.8,
      "f1-score": 0.8888888888888888,
      "support": 15.0
    },
    "Tomato___Tomato_mosaic_virus": {
      "precision": 0.5357142857142857,
      "recall": 1.0,
      "f1-score": 0.6976744186046512,
      "support": 15.0
    },
    "Tomato___healthy": {
      "precision": 0.5,
      "recall": 0.7333333333333333,
      "f1-score": 0.5945945945945946,
      "support": 15.0
    },
    "accuracy": 0.724561403508772,
    "macro avg": {
      "precision": 0.7625767900739385,
      "recall": 0.7245614035087719,
      "f1-score": 0.7143173841607321,
      "support": 570.0
    },
    "weighted avg": {
      "precision": 0.7625767900739385,
      "recall": 0.724561403508772,
      "f1-score": 0.7143173841607321,
      "support": 570.0
    }
  },
  "backbone": "mobilenetv2",
  "image_size": 224,
  "train_samples": 2660,
  "val_samples": 570,
  "test_samples": 570,
  "num_classes": 38,
  "class_weights": {
    "0": 1.0,
    "1": 1.0,
    "2": 1.0,
    "3": 1.0,
    "4": 1.0,
    "5": 1.0,
    "6": 1.0,
    "7": 1.0,
    "8": 1.0,
    "9": 1.0,
    "10": 1.0,
    "11": 1.0,
    "12": 1.0,
    "13": 1.0,
    "14": 1.0,
    "15": 1.0,
    "16": 1.0,
    "17": 1.0,
    "18": 1.0,
    "19": 1.0,
    "20": 1.0,
    "21": 1.0,
    "22": 1.0,
    "23": 1.0,
    "24": 1.0,
    "25": 1.0,
    "26": 1.0,
    "27": 1.0,
    "28": 1.0,
    "29": 1.0,
    "30": 1.0,
    "31": 1.0,
    "32": 1.0,
    "33": 1.0,
    "34": 1.0,
    "35": 1.0,
    "36": 1.0,
    "37": 1.0
  },
  "backbone_reason": "MobileNetV2 gives the best latency-to-accuracy tradeoff for mobile and edge inference.",
  "max_images_per_class": 100
}