epoch,accuracy,learning_rate,loss,top3_accuracy,val_accuracy,val_loss,val_top3_accuracy
1,0.6793233156204224,9.999999747378752e-05,1.082552194595337,0.8751879930496216,0.7736842036247253,0.7437378764152527,0.9245613813400269
