epoch,accuracy,learning_rate,loss,top3_accuracy,val_accuracy,val_loss,val_top3_accuracy
0,0.405639111995697,0.0010000000474974513,2.2195868492126465,0.5981202721595764,0.6736842393875122,1.1665276288986206,0.8771929740905762
