{
  "accuracy": [
    0.405639111995697,
    0.6793233156204224
  ],
  "loss": [
    2.2195868492126465,
    1.082552194595337
  ],
  "top3_accuracy": [
    0.5981202721595764,
    0.8751879930496216
  ],
  "val_accuracy": [
    0.6736842393875122,
    0.7736842036247253
  ],
  "val_loss": [
    1.1665276288986206,
    0.7437378764152527
  ],
  "val_top3_accuracy": [
    0.8771929740905762,
    0.9245613813400269
  ],
  "learning_rate": [
    0.0010000000474974513,
    9.999999747378752e-05
  ]
}